﻿<?xml version="1.0" encoding="utf-8"?>
<deployment>
  <id>572ae3a8411fd50b9c12f1ff3b68f4cf3cde46051765318463422</id>
  <author>clauvisastek</author>
  <deployer>GitHub</deployer>
  <authorEmail />
  <message>{"type":"Deployment","sha":"572ae3a8411fd50b9c12f1ff3b68f4cf3cde4605","repoName":"clauvisastek/APG-Backend","actor":"clauvisastek","slotName":"production"}</message>
  <progress />
  <status>Success</status>
  <statusText />
  <lastSuccessEndTime>2025-12-09T22:14:24.3772426Z</lastSuccessEndTime>
  <receivedTime>2025-12-09T22:14:24.3772426Z</receivedTime>
  <startTime>2025-12-09T22:14:24.3772426Z</startTime>
  <endTime>2025-12-09T22:14:24.3772426Z</endTime>
  <complete>True</complete>
  <is_temp>False</is_temp>
  <is_readonly>True</is_readonly>
  <buildSummary />
</deployment>